filename,width,height,class,xmin,ymin,xmax,ymax
20070711.121325.01.19.570.0.png,460,460,frontgust,217,265,287,291
20070711.121325.01.19.570.0.png,460,460,frontgust,147,273,203,291
20070711.121325.01.19.570.1.png,460,460,frontgust,224,256,287,290
20070711.121325.01.19.570.1.png,460,460,frontgust,154,284,218,299
20070711.121325.01.19.570.16.png,460,460,frontgust,194,171,266,190
20070711.121325.01.19.570.16.png,460,460,frontgust,281,183,322,222
20070711.121325.01.19.570.17.png,460,460,frontgust,191,168,263,185
20070711.121325.01.19.570.17.png,460,460,frontgust,274,175,320,204
20070711.121325.01.19.570.18.png,460,460,frontgust,177,168,245,190
20070711.121325.01.19.570.18.png,460,460,frontgust,264,170,309,187
20070711.121325.01.19.570.19.png,460,460,frontgust,173,169,232,203
20070711.121325.01.19.570.19.png,460,460,frontgust,247,162,304,175
20070711.121325.01.19.570.2.png,460,460,frontgust,230,252,290,291
20070711.121325.01.19.570.2.png,460,460,frontgust,174,296,225,306
20070711.121325.01.19.570.20.png,460,460,frontgust,169,169,224,212
20070711.121325.01.19.570.20.png,460,460,frontgust,237,150,286,162
20070711.121325.01.19.570.21.png,460,460,frontgust,162,172,216,226
20070711.121325.01.19.570.21.png,460,460,frontgust,218,148,281,161
20070711.121325.01.19.570.22.png,460,460,frontgust,174,178,204,232
20070711.121325.01.19.570.22.png,460,460,frontgust,211,148,251,164
20070711.121325.01.19.570.23.png,460,460,frontgust,168,182,193,246
20070711.121325.01.19.570.23.png,460,460,frontgust,198,146,230,169
20070711.121325.01.19.570.24.png,460,460,frontgust,172,188,187,257
20070711.121325.01.19.570.24.png,460,460,frontgust,189,139,220,178
20070711.121325.01.19.570.25.png,460,460,frontgust,170,192,183,270
20070711.121325.01.19.570.25.png,460,460,frontgust,182,147,207,184
20070711.121325.01.19.570.26.png,460,460,frontgust,170,201,190,278
20070711.121325.01.19.570.26.png,460,460,frontgust,174,150,191,189
20070711.121325.01.19.570.27.png,460,460,frontgust,169,216,199,283
20070711.121325.01.19.570.27.png,460,460,frontgust,167,163,178,205
20070711.121325.01.19.570.28.png,460,460,frontgust,167,228,204,288
20070711.121325.01.19.570.28.png,460,460,frontgust,159,173,170,217
20070711.121325.01.19.570.29.png,460,460,frontgust,168,239,212,291
20070711.121325.01.19.570.29.png,460,460,frontgust,153,177,170,228
20070711.121325.01.19.570.3.png,460,460,frontgust,240,244,290,289
20070711.121325.01.19.570.3.png,460,460,frontgust,195,295,235,311
20070711.121325.01.19.570.30.png,460,460,frontgust,170,244,225,293
20070711.121325.01.19.570.30.png,460,460,frontgust,148,194,165,242
20070711.121325.01.19.570.31.png,460,460,frontgust,175,257,235,292
20070711.121325.01.19.570.31.png,460,460,frontgust,141,205,163,247
20070711.121325.01.19.570.32.png,460,460,frontgust,180,266,255,291
20070711.121325.01.19.570.32.png,460,460,frontgust,143,225,170,259
20070711.121325.01.19.570.33.png,460,460,frontgust,185,269,268,288
20070711.121325.01.19.570.33.png,460,460,frontgust,144,234,172,272
20070711.121325.01.19.570.34.png,460,460,frontgust,194,275,267,288
20070711.121325.01.19.570.34.png,460,460,frontgust,141,247,183,281
20070711.121325.01.19.570.35.png,460,460,frontgust,203,277,278,289
20070711.121325.01.19.570.35.png,460,460,frontgust,146,263,189,287
20070711.121325.01.19.570.4.png,460,460,frontgust,206,294,247,314
20070711.121325.01.19.570.4.png,460,460,frontgust,257,229,292,285
20070725.031820.01.19.570.0.png,460,460,frontgust,235,276,273,316
20070725.031820.01.19.570.0.png,460,460,frontgust,274,227,289,268
20070725.031820.01.19.570.1.png,460,460,frontgust,261,257,282,312
20070725.031820.01.19.570.1.png,460,460,frontgust,283,225,289,252
20070725.031820.01.19.570.10.png,460,460,frontgust,263,181,319,208
20070725.031820.01.19.570.10.png,460,460,frontgust,222,172,261,180
20070725.031820.01.19.570.11.png,460,460,frontgust,255,172,312,194
20070725.031820.01.19.570.11.png,460,460,frontgust,206,169,248,178
20070725.031820.01.19.570.12.png,460,460,frontgust,244,166,302,180
20070725.031820.01.19.570.13.png,460,460,frontgust,235,159,295,173
20070725.031820.01.19.570.14.png,460,460,frontgust,224,154,282,173
20070725.031820.01.19.570.15.png,460,460,frontgust,216,151,271,174
20070725.031820.01.19.570.15.png,460,460,frontgust,173,178,210,210
20070725.031820.01.19.570.16.png,460,460,frontgust,208,146,252,173
20070725.031820.01.19.570.16.png,460,460,frontgust,174,180,201,213
20070725.031820.01.19.570.17.png,460,460,frontgust,200,142,247,179
20070725.031820.01.19.570.17.png,460,460,frontgust,175,185,197,216
20070725.031820.01.19.570.18.png,460,460,frontgust,188,140,222,180
20070725.031820.01.19.570.18.png,460,460,frontgust,172,193,187,229
20070725.031820.01.19.570.2.png,460,460,frontgust,271,255,288,307
20070725.031820.01.19.570.2.png,460,460,frontgust,280,214,293,245
20070725.031820.01.19.570.25.png,460,460,frontgust,147,208,174,250
20070725.031820.01.19.570.25.png,460,460,frontgust,181,260,205,284
20070725.031820.01.19.570.26.png,460,460,frontgust,142,217,176,261
20070725.031820.01.19.570.26.png,460,460,frontgust,184,264,214,285
20070725.031820.01.19.570.27.png,460,460,frontgust,143,239,192,272
20070725.031820.01.19.570.27.png,460,460,frontgust,198,275,246,289
20070725.031820.01.19.570.28.png,460,460,frontgust,144,249,198,279
20070725.031820.01.19.570.28.png,460,460,frontgust,204,280,240,291
20070725.031820.01.19.570.29.png,460,460,frontgust,154,265,199,285
20070725.031820.01.19.570.29.png,460,460,frontgust,205,277,245,288
20070725.031820.01.19.570.3.png,460,460,frontgust,282,241,297,301
20070725.031820.01.19.570.30.png,460,460,frontgust,157,274,213,292
20070725.031820.01.19.570.31.png,460,460,frontgust,166,288,222,300
20070725.031820.01.19.570.32.png,460,460,frontgust,180,291,227,308
20070725.031820.01.19.570.32.png,460,460,frontgust,245,265,277,289
20070725.031820.01.19.570.33.png,460,460,frontgust,191,299,221,309
20070725.031820.01.19.570.33.png,460,460,frontgust,226,288,248,309
20070725.031820.01.19.570.34.png,460,460,frontgust,214,283,256,311
20070725.031820.01.19.570.34.png,460,460,frontgust,257,255,282,279
20070725.031820.01.19.570.35.png,460,460,frontgust,240,279,264,315
20070725.031820.01.19.570.35.png,460,460,frontgust,271,228,289,271
20070725.031820.01.19.570.4.png,460,460,frontgust,291,232,302,289
20070725.031820.01.19.570.4.png,460,460,frontgust,268,183,290,229
20070725.031820.01.19.570.5.png,460,460,frontgust,290,226,306,280
20070725.031820.01.19.570.5.png,460,460,frontgust,263,177,289,221
20070725.031820.01.19.570.6.png,460,460,frontgust,289,214,311,264
20070725.031820.01.19.570.6.png,460,460,frontgust,258,172,283,210
20070725.031820.01.19.570.7.png,460,460,frontgust,287,208,318,255
20070725.031820.01.19.570.7.png,460,460,frontgust,254,175,284,202
20070725.031820.01.19.570.8.png,460,460,frontgust,283,197,320,240
20070725.031820.01.19.570.8.png,460,460,frontgust,249,174,277,195
20070725.031820.01.19.570.9.png,460,460,frontgust,277,189,321,228
20070725.031820.01.19.570.9.png,460,460,frontgust,226,168,267,188
20070802.083232.01.19.570.0.png,460,460,frontgust,145,189,154,230
20070802.083232.01.19.570.0.png,460,460,frontgust,196,288,236,312
20070802.083232.01.19.570.0.png,460,460,frontgust,257,174,275,231
20070802.083232.01.19.570.1.png,460,460,frontgust,217,296,238,317
20070802.083232.01.19.570.1.png,460,460,frontgust,240,251,254,290
20070802.083232.01.19.570.1.png,460,460,frontgust,249,175,272,229
20070802.083232.01.19.570.1.png,460,460,frontgust,142,206,154,244
20070802.083232.01.19.570.17.png,460,460,frontgust,298,239,315,285
20070802.083232.01.19.570.17.png,460,460,frontgust,223,152,262,179
20070802.083232.01.19.570.18.png,460,460,frontgust,303,221,315,264
20070802.083232.01.19.570.18.png,460,460,frontgust,185,227,197,278
20070802.083232.01.19.570.18.png,460,460,frontgust,220,147,250,174
20070802.083232.01.19.570.19.png,460,460,frontgust,305,212,320,252
20070802.083232.01.19.570.19.png,460,460,frontgust,190,258,208,278
20070802.083232.01.19.570.2.png,460,460,frontgust,141,216,153,258
20070802.083232.01.19.570.2.png,460,460,frontgust,227,280,257,321
20070802.083232.01.19.570.2.png,460,460,frontgust,243,176,269,207
20070802.083232.01.19.570.20.png,460,460,frontgust,302,198,321,239
20070802.083232.01.19.570.20.png,460,460,frontgust,203,143,223,185
20070802.083232.01.19.570.20.png,460,460,frontgust,196,263,226,298
20070802.083232.01.19.570.21.png,460,460,frontgust,301,192,320,226
20070802.083232.01.19.570.21.png,460,460,frontgust,196,259,231,290
20070802.083232.01.19.570.21.png,460,460,frontgust,192,145,214,199
20070802.083232.01.19.570.22.png,460,460,frontgust,203,266,238,292
20070802.083232.01.19.570.22.png,460,460,frontgust,185,153,203,203
20070802.083232.01.19.570.22.png,460,460,frontgust,294,175,318,207
20070802.083232.01.19.570.23.png,460,460,frontgust,278,162,313,195
20070802.083232.01.19.570.23.png,460,460,frontgust,177,152,189,211
20070802.083232.01.19.570.23.png,460,460,frontgust,218,276,262,302
20070802.083232.01.19.570.24.png,460,460,frontgust,269,156,305,181
20070802.083232.01.19.570.24.png,460,460,frontgust,169,157,180,214
20070802.083232.01.19.570.24.png,460,460,frontgust,227,277,277,296
20070802.083232.01.19.570.25.png,460,460,frontgust,211,265,284,288
20070802.083232.01.19.570.25.png,460,460,frontgust,262,154,296,169
20070802.083232.01.19.570.25.png,460,460,frontgust,162,181,182,225
20070802.083232.01.19.570.26.png,460,460,frontgust,243,148,286,159
20070802.083232.01.19.570.26.png,460,460,frontgust,222,268,276,280
20070802.083232.01.19.570.26.png,460,460,frontgust,157,197,185,235
20070802.083232.01.19.570.27.png,460,460,frontgust,145,203,186,244
20070802.083232.01.19.570.27.png,460,460,frontgust,229,142,267,155
20070802.083232.01.19.570.27.png,460,460,frontgust,232,261,283,279
20070802.083232.01.19.570.28.png,460,460,frontgust,243,254,283,275
20070802.083232.01.19.570.28.png,460,460,frontgust,142,215,183,249
20070802.083232.01.19.570.28.png,460,460,frontgust,209,142,253,153
20070802.083232.01.19.570.29.png,460,460,frontgust,199,141,239,153
20070802.083232.01.19.570.29.png,460,460,frontgust,145,231,187,258
20070802.083232.01.19.570.29.png,460,460,frontgust,257,240,287,267
20070802.083232.01.19.570.3.png,460,460,frontgust,246,272,265,316
20070802.083232.01.19.570.3.png,460,460,frontgust,228,166,266,203
20070802.083232.01.19.570.30.png,460,460,frontgust,144,245,192,267
20070802.083232.01.19.570.30.png,460,460,frontgust,264,217,309,259
20070802.083232.01.19.570.30.png,460,460,frontgust,197,140,226,156
20070802.083232.01.19.570.31.png,460,460,frontgust,183,146,208,163
20070802.083232.01.19.570.31.png,460,460,frontgust,153,259,207,276
20070802.083232.01.19.570.31.png,460,460,frontgust,272,209,306,249
20070802.083232.01.19.570.32.png,460,460,frontgust,175,149,197,173
20070802.083232.01.19.570.32.png,460,460,frontgust,268,204,288,249
20070802.083232.01.19.570.32.png,460,460,frontgust,153,270,208,282
20070802.083232.01.19.570.33.png,460,460,frontgust,165,156,182,182
20070802.083232.01.19.570.33.png,460,460,frontgust,268,203,284,246
20070802.083232.01.19.570.33.png,460,460,frontgust,165,277,216,293
20070802.083232.01.19.570.34.png,460,460,frontgust,157,165,170,195
20070802.083232.01.19.570.34.png,460,460,frontgust,271,188,281,234
20070802.083232.01.19.570.34.png,460,460,frontgust,176,279,223,300
20070802.083232.01.19.570.35.png,460,460,frontgust,150,176,160,209
20070802.083232.01.19.570.35.png,460,460,frontgust,265,186,277,223
20070802.083232.01.19.570.35.png,460,460,frontgust,183,283,226,306
20070802.083232.01.19.570.4.png,460,460,frontgust,144,250,166,278
20070802.083232.01.19.570.4.png,460,460,frontgust,219,170,258,198
20070802.083232.01.19.570.4.png,460,460,frontgust,261,268,270,312
20070802.083232.01.19.570.5.png,460,460,frontgust,149,264,177,292
20070802.083232.01.19.570.5.png,460,460,frontgust,267,256,280,306
20070802.083232.01.19.570.5.png,460,460,frontgust,209,173,257,199
20070802.083232.01.19.570.6.png,460,460,frontgust,155,278,184,300
20070802.083232.01.19.570.6.png,460,460,frontgust,202,177,249,192
20070802.083232.01.19.570.6.png,460,460,frontgust,277,249,291,300
20070802.083232.01.19.570.7.png,460,460,frontgust,166,290,201,308
20070802.083232.01.19.570.7.png,460,460,frontgust,193,179,239,196
20070802.083232.01.19.570.7.png,460,460,frontgust,272,229,294,254
20070802.083232.01.19.570.8.png,460,460,frontgust,178,301,219,316
20070802.083232.01.19.570.8.png,460,460,frontgust,187,181,233,192
20070802.083232.01.19.570.8.png,460,460,frontgust,269,221,301,253
20070802.085635.01.19.570.0.png,460,460,frontgust,205,291,249,323
20070802.085635.01.19.570.0.png,460,460,frontgust,243,255,274,271
20070802.085635.01.19.570.0.png,460,460,frontgust,277,179,293,244
20070802.085635.01.19.570.0.png,460,460,frontgust,273,129,284,179
20070802.085635.01.19.570.1.png,460,460,frontgust,221,272,269,329
20070802.085635.01.19.570.1.png,460,460,frontgust,263,224,287,260
20070802.085635.01.19.570.1.png,460,460,frontgust,267,169,290,220
20070802.085635.01.19.570.1.png,460,460,frontgust,256,132,274,167
20070802.085635.01.19.570.10.png,460,460,frontgust,171,170,239,192
20070802.085635.01.19.570.10.png,460,460,frontgust,111,187,167,224
20070802.085635.01.19.570.10.png,460,460,frontgust,277,193,335,235
20070802.085635.01.19.570.11.png,460,460,frontgust,168,173,227,195
20070802.085635.01.19.570.11.png,460,460,frontgust,115,199,162,237
20070802.085635.01.19.570.11.png,460,460,frontgust,254,183,324,209
20070802.085635.01.19.570.12.png,460,460,frontgust,163,179,210,208
20070802.085635.01.19.570.12.png,460,460,frontgust,117,210,159,254
20070802.085635.01.19.570.13.png,460,460,frontgust,157,182,198,219
20070802.085635.01.19.570.13.png,460,460,frontgust,123,223,154,272
20070802.085635.01.19.570.13.png,460,460,frontgust,237,171,314,181
20070802.085635.01.19.570.14.png,460,460,frontgust,133,238,156,293
20070802.085635.01.19.570.14.png,460,460,frontgust,161,189,193,235
20070802.085635.01.19.570.14.png,460,460,frontgust,220,164,277,182
20070802.085635.01.19.570.15.png,460,460,frontgust,159,197,183,247
20070802.085635.01.19.570.15.png,460,460,frontgust,139,250,157,308
20070802.085635.01.19.570.15.png,460,460,frontgust,215,158,267,181
20070802.085635.01.19.570.2.png,460,460,frontgust,238,265,273,322
20070802.085635.01.19.570.2.png,460,460,frontgust,262,214,284,258
20070802.085635.01.19.570.2.png,460,460,frontgust,258,167,287,209
20070802.085635.01.19.570.2.png,460,460,frontgust,239,124,262,167
20070802.085635.01.19.570.25.png,460,460,frontgust,203,275,256,300
20070802.085635.01.19.570.25.png,460,460,frontgust,260,296,315,311
20070802.085635.01.19.570.25.png,460,460,frontgust,150,187,181,247
20070802.085635.01.19.570.26.png,460,460,frontgust,140,196,187,258
20070802.085635.01.19.570.26.png,460,460,frontgust,191,262,268,297
20070802.085635.01.19.570.26.png,460,460,frontgust,273,287,332,303
20070802.085635.01.19.570.27.png,460,460,frontgust,135,195,186,263
20070802.085635.01.19.570.27.png,460,460,frontgust,199,264,278,295
20070802.085635.01.19.570.27.png,460,460,frontgust,277,273,336,288
20070802.085635.01.19.570.28.png,460,460,frontgust,133,225,199,273
20070802.085635.01.19.570.28.png,460,460,frontgust,208,273,286,290
20070802.085635.01.19.570.28.png,460,460,frontgust,288,260,333,276
20070802.085635.01.19.570.29.png,460,460,frontgust,134,243,198,275
20070802.085635.01.19.570.29.png,460,460,frontgust,207,263,292,288
20070802.085635.01.19.570.29.png,460,460,frontgust,297,229,342,253
20070802.085635.01.19.570.3.png,460,460,frontgust,256,163,282,239
20070802.085635.01.19.570.3.png,460,460,frontgust,224,126,254,160
20070802.085635.01.19.570.3.png,460,460,frontgust,253,254,283,322
20070802.085635.01.19.570.30.png,460,460,frontgust,148,266,213,284
20070802.085635.01.19.570.30.png,460,460,frontgust,216,255,295,287
20070802.085635.01.19.570.30.png,460,460,frontgust,297,205,342,248
20070802.085635.01.19.570.31.png,460,460,frontgust,138,272,223,286
20070802.085635.01.19.570.31.png,460,460,frontgust,220,251,296,280
20070802.085635.01.19.570.31.png,460,460,frontgust,296,200,335,248
20070802.085635.01.19.570.32.png,460,460,frontgust,151,280,230,294
20070802.085635.01.19.570.32.png,460,460,frontgust,238,222,302,281
20070802.085635.01.19.570.32.png,460,460,frontgust,306,166,328,221
20070802.085635.01.19.570.33.png,460,460,frontgust,156,281,239,307
20070802.085635.01.19.570.33.png,460,460,frontgust,254,216,302,274
20070802.085635.01.19.570.33.png,460,460,frontgust,299,156,318,209
20070802.085635.01.19.570.34.png,460,460,frontgust,168,283,244,312
20070802.085635.01.19.570.34.png,460,460,frontgust,248,202,297,277
20070802.085635.01.19.570.34.png,460,460,frontgust,296,132,307,199
20070802.085635.01.19.570.35.png,460,460,frontgust,183,279,255,323
20070802.085635.01.19.570.35.png,460,460,frontgust,256,190,295,271
20070802.085635.01.19.570.35.png,460,460,frontgust,283,133,298,186
20070802.085635.01.19.570.4.png,460,460,frontgust,251,169,282,237
20070802.085635.01.19.570.4.png,460,460,frontgust,207,130,249,167
20070802.085635.01.19.570.4.png,460,460,frontgust,271,244,288,321
20070802.085635.01.19.570.5.png,460,460,frontgust,227,159,276,202
20070802.085635.01.19.570.5.png,460,460,frontgust,183,132,225,161
20070802.085635.01.19.570.5.png,460,460,frontgust,280,240,293,308
20070802.085635.01.19.570.6.png,460,460,frontgust,216,159,274,218
20070802.085635.01.19.570.6.png,460,460,frontgust,154,140,214,161
20070802.085635.01.19.570.6.png,460,460,frontgust,286,231,305,303
20070802.085635.01.19.570.7.png,460,460,frontgust,294,225,316,287
20070802.085635.01.19.570.7.png,460,460,frontgust,202,159,274,211
20070802.085635.01.19.570.7.png,460,460,frontgust,137,152,202,166
20070802.085635.01.19.570.8.png,460,460,frontgust,188,165,272,204
20070802.085635.01.19.570.8.png,460,460,frontgust,134,163,189,174
20070802.085635.01.19.570.8.png,460,460,frontgust,284,211,320,253
20070802.085635.01.19.570.9.png,460,460,frontgust,182,167,268,205
20070802.085635.01.19.570.9.png,460,460,frontgust,115,174,186,194
20070802.085635.01.19.570.9.png,460,460,frontgust,278,199,326,239
20080602.033242.01.19.570.0.png,460,460,frontgust,241,203,269,241
20080602.033242.01.19.570.1.png,460,460,frontgust,238,185,267,238
20080602.033242.01.19.570.10.png,460,460,frontgust,198,193,243,227
20080602.033242.01.19.570.11.png,460,460,frontgust,192,197,244,227
20080602.033242.01.19.570.12.png,460,460,frontgust,188,202,245,223
20080602.033242.01.19.570.13.png,460,460,frontgust,181,208,236,221
20080602.033242.01.19.570.14.png,460,460,frontgust,167,218,230,245
20080602.033242.01.19.570.15.png,460,460,frontgust,170,218,225,255
20080602.033242.01.19.570.16.png,460,460,frontgust,177,219,223,269
20080602.033242.01.19.570.17.png,460,460,frontgust,182,222,223,283
20080602.033242.01.19.570.18.png,460,460,frontgust,188,221,223,291
20080602.033242.01.19.570.19.png,460,460,frontgust,195,223,220,294
20080602.033242.01.19.570.2.png,460,460,frontgust,238,189,262,239
20080602.033242.01.19.570.20.png,460,460,frontgust,202,221,223,287
20080602.033242.01.19.570.21.png,460,460,frontgust,207,218,230,296
20080602.033242.01.19.570.22.png,460,460,frontgust,212,229,251,298
20080602.033242.01.19.570.29.png,460,460,frontgust,216,236,297,262
20080602.033242.01.19.570.3.png,460,460,frontgust,242,185,257,231
20080602.033242.01.19.570.30.png,460,460,frontgust,226,230,299,253
20080602.033242.01.19.570.31.png,460,460,frontgust,221,219,296,249
20080602.033242.01.19.570.32.png,460,460,frontgust,227,207,298,244
20080602.033242.01.19.570.33.png,460,460,frontgust,231,199,293,241
20080602.033242.01.19.570.34.png,460,460,frontgust,242,189,283,242
20080602.033242.01.19.570.35.png,460,460,frontgust,247,179,278,241
20080602.033242.01.19.570.4.png,460,460,frontgust,227,165,250,230
20080602.033242.01.19.570.5.png,460,460,frontgust,214,169,247,228
20080602.033242.01.19.570.6.png,460,460,frontgust,200,168,247,223
20080602.033242.01.19.570.7.png,460,460,frontgust,191,172,247,227
20080602.033242.01.19.570.8.png,460,460,frontgust,176,179,242,226
20080602.033242.01.19.570.9.png,460,460,frontgust,173,188,245,225
20080701.090145.01.19.570.0.png,460,460,frontgust,206,194,233,224
20080701.090145.01.19.570.0.png,460,460,frontgust,232,173,277,197
20080701.090145.01.19.570.1.png,460,460,frontgust,195,203,225,231
20080701.090145.01.19.570.1.png,460,460,frontgust,227,167,266,200
20080701.090145.01.19.570.10.png,460,460,frontgust,197,233,226,263
20080701.090145.01.19.570.10.png,460,460,frontgust,158,192,195,231
20080701.090145.01.19.570.11.png,460,460,frontgust,198,239,235,273
20080701.090145.01.19.570.11.png,460,460,frontgust,161,204,195,239
20080701.090145.01.19.570.12.png,460,460,frontgust,197,243,239,261
20080701.090145.01.19.570.12.png,460,460,frontgust,149,216,195,245
20080701.090145.01.19.570.13.png,460,460,frontgust,209,244,249,264
20080701.090145.01.19.570.13.png,460,460,frontgust,150,227,206,248
20080701.090145.01.19.570.14.png,460,460,frontgust,213,247,249,259
20080701.090145.01.19.570.14.png,460,460,frontgust,151,238,205,255
20080701.090145.01.19.570.15.png,460,460,frontgust,211,243,263,261
20080701.090145.01.19.570.15.png,460,460,frontgust,158,246,209,259
20080701.090145.01.19.570.16.png,460,460,frontgust,219,244,258,259
20080701.090145.01.19.570.16.png,460,460,frontgust,164,254,213,272
20080701.090145.01.19.570.17.png,460,460,frontgust,226,242,260,257
20080701.090145.01.19.570.17.png,460,460,frontgust,171,259,214,281
20080701.090145.01.19.570.18.png,460,460,frontgust,233,235,265,259
20080701.090145.01.19.570.18.png,460,460,frontgust,181,262,221,291
20080701.090145.01.19.570.19.png,460,460,frontgust,234,230,264,259
20080701.090145.01.19.570.19.png,460,460,frontgust,194,263,231,291
20080701.090145.01.19.570.2.png,460,460,frontgust,199,206,217,235
20080701.090145.01.19.570.2.png,460,460,frontgust,220,167,255,197
20080701.090145.01.19.570.20.png,460,460,frontgust,240,225,266,258
20080701.090145.01.19.570.20.png,460,460,frontgust,206,265,236,292
20080701.090145.01.19.570.21.png,460,460,frontgust,244,222,266,255
20080701.090145.01.19.570.21.png,460,460,frontgust,215,264,242,305
20080701.090145.01.19.570.22.png,460,460,frontgust,244,218,261,251
20080701.090145.01.19.570.22.png,460,460,frontgust,223,262,248,305
20080701.090145.01.19.570.23.png,460,460,frontgust,245,205,260,249
20080701.090145.01.19.570.23.png,460,460,frontgust,235,259,252,308
20080701.090145.01.19.570.24.png,460,460,frontgust,246,251,258,303
20080701.090145.01.19.570.24.png,460,460,frontgust,244,202,256,241
20080701.090145.01.19.570.25.png,460,460,frontgust,253,249,267,299
20080701.090145.01.19.570.25.png,460,460,frontgust,243,199,262,240
20080701.090145.01.19.570.26.png,460,460,frontgust,258,243,285,292
20080701.090145.01.19.570.26.png,460,460,frontgust,238,200,261,236
20080701.090145.01.19.570.26.png,460,460,frontgust,274,194,287,227
20080701.090145.01.19.570.27.png,460,460,frontgust,262,235,292,281
20080701.090145.01.19.570.27.png,460,460,frontgust,235,196,259,228
20080701.090145.01.19.570.27.png,460,460,frontgust,267,180,286,218
20080701.090145.01.19.570.28.png,460,460,frontgust,263,227,294,271
20080701.090145.01.19.570.28.png,460,460,frontgust,229,195,256,226
20080701.090145.01.19.570.28.png,460,460,frontgust,260,180,275,204
20080701.090145.01.19.570.29.png,460,460,frontgust,265,225,300,259
20080701.090145.01.19.570.29.png,460,460,frontgust,225,200,260,221
20080701.090145.01.19.570.29.png,460,460,frontgust,251,175,269,202
20080701.090145.01.19.570.3.png,460,460,frontgust,197,209,217,239
20080701.090145.01.19.570.3.png,460,460,frontgust,216,162,243,194
20080701.090145.01.19.570.3.png,460,460,frontgust,170,196,190,216
20080701.090145.01.19.570.30.png,460,460,frontgust,245,171,267,192
20080701.090145.01.19.570.30.png,460,460,frontgust,264,218,306,247
20080701.090145.01.19.570.30.png,460,460,frontgust,224,204,253,217
20080701.090145.01.19.570.31.png,460,460,frontgust,258,210,301,237
20080701.090145.01.19.570.31.png,460,460,frontgust,231,170,260,187
20080701.090145.01.19.570.31.png,460,460,frontgust,210,199,249,215
20080701.090145.01.19.570.32.png,460,460,frontgust,252,205,301,226
20080701.090145.01.19.570.32.png,460,460,frontgust,206,200,244,215
20080701.090145.01.19.570.32.png,460,460,frontgust,229,172,251,184
20080701.090145.01.19.570.4.png,460,460,frontgust,201,206,216,243
20080701.090145.01.19.570.4.png,460,460,frontgust,170,199,187,221
20080701.090145.01.19.570.4.png,460,460,frontgust,208,161,233,199
20080701.090145.01.19.570.5.png,460,460,frontgust,173,209,185,240
20080701.090145.01.19.570.5.png,460,460,frontgust,204,210,217,250
20080701.090145.01.19.570.5.png,460,460,frontgust,203,156,224,202
20080701.090145.01.19.570.6.png,460,460,frontgust,169,219,184,248
20080701.090145.01.19.570.6.png,460,460,frontgust,206,219,216,257
20080701.090145.01.19.570.6.png,460,460,frontgust,203,169,214,206
20080701.090145.01.19.570.7.png,460,460,frontgust,207,223,217,266
20080701.090145.01.19.570.7.png,460,460,frontgust,171,230,184,260
20080701.090145.01.19.570.7.png,460,460,frontgust,193,163,207,214
20080701.090145.01.19.570.8.png,460,460,frontgust,202,226,221,258
20080701.090145.01.19.570.8.png,460,460,frontgust,186,174,201,222
20080701.090145.01.19.570.9.png,460,460,frontgust,203,230,225,266
20080701.090145.01.19.570.9.png,460,460,frontgust,174,184,199,229
20090603.160000.01.19.570.10.png,460,460,frontgust,231,176,354,192
20090603.160000.01.19.570.11.png,460,460,frontgust,217,161,343,189
20090603.160000.01.19.570.12.png,460,460,frontgust,219,147,327,185
20090603.160000.01.19.570.13.png,460,460,frontgust,214,132,314,192
20090603.160000.01.19.570.14.png,460,460,frontgust,199,123,289,202
20090603.160000.01.19.570.15.png,460,460,frontgust,200,115,267,198
20090603.160000.01.19.570.16.png,460,460,frontgust,217,105,250,157
20090603.160000.01.19.570.16.png,460,460,frontgust,194,182,205,203
20090603.160000.01.19.570.17.png,460,460,frontgust,204,104,233,169
20090603.160000.01.19.570.17.png,460,460,frontgust,190,191,201,223
20090603.160000.01.19.570.18.png,460,460,frontgust,191,109,212,168
20090603.160000.01.19.570.18.png,460,460,frontgust,185,199,197,231
20090603.160000.01.19.570.19.png,460,460,frontgust,178,106,195,181
20090603.160000.01.19.570.20.png,460,460,frontgust,166,119,178,187
20090603.160000.01.19.570.20.png,460,460,frontgust,178,213,193,243
20090603.160000.01.19.570.21.png,460,460,frontgust,148,120,172,199
20090603.160000.01.19.570.21.png,460,460,frontgust,176,219,197,244
20090603.160000.01.19.570.22.png,460,460,frontgust,129,127,165,206
20090603.160000.01.19.570.22.png,460,460,frontgust,177,233,193,249
20090603.160000.01.19.570.23.png,460,460,frontgust,113,127,160,219
20090603.160000.01.19.570.23.png,460,460,frontgust,175,237,194,253
20090603.160000.01.19.570.24.png,460,460,frontgust,102,150,162,232
20090603.160000.01.19.570.24.png,460,460,frontgust,181,249,206,264
20090603.160000.01.19.570.25.png,460,460,frontgust,91,174,162,245
20090603.160000.01.19.570.25.png,460,460,frontgust,186,255,215,270
20090603.160000.01.19.570.26.png,460,460,frontgust,87,204,163,257
20090603.160000.01.19.570.26.png,460,460,frontgust,188,263,222,273
20090603.160000.01.19.570.27.png,460,460,frontgust,87,235,166,270
20090603.160000.01.19.570.27.png,460,460,frontgust,192,265,231,276
20090603.160000.01.19.570.28.png,460,460,frontgust,77,248,173,275
20090603.160000.01.19.570.28.png,460,460,frontgust,201,270,235,279
20090603.160000.01.19.570.29.png,460,460,frontgust,113,279,191,293
20090603.160000.01.19.570.29.png,460,460,frontgust,206,269,246,281
20090603.160000.01.19.570.3.png,460,460,frontgust,289,269,308,360
20090603.160000.01.19.570.3.png,460,460,frontgust,266,210,287,237
20090603.160000.01.19.570.30.png,460,460,frontgust,81,292,197,308
20090603.160000.01.19.570.30.png,460,460,frontgust,217,269,248,285
20090603.160000.01.19.570.31.png,460,460,frontgust,96,299,211,325
20090603.160000.01.19.570.31.png,460,460,frontgust,228,265,255,285
20090603.160000.01.19.570.32.png,460,460,frontgust,112,303,217,342
20090603.160000.01.19.570.32.png,460,460,frontgust,236,259,262,285
20090603.160000.01.19.570.33.png,460,460,frontgust,139,299,235,358
20090603.160000.01.19.570.33.png,460,460,frontgust,246,252,266,282
20090603.160000.01.19.570.34.png,460,460,frontgust,159,301,245,372
20090603.160000.01.19.570.34.png,460,460,frontgust,251,249,267,288
20090603.160000.01.19.570.35.png,460,460,frontgust,190,288,260,380
20090603.160000.01.19.570.35.png,460,460,frontgust,260,241,270,276
20090603.160000.01.19.570.4.png,460,460,frontgust,296,256,322,351
20090603.160000.01.19.570.4.png,460,460,frontgust,262,203,282,226
20090603.160000.01.19.570.5.png,460,460,frontgust,298,243,341,334
20090603.160000.01.19.570.5.png,460,460,frontgust,255,200,280,217
20090603.160000.01.19.570.6.png,460,460,frontgust,305,239,351,292
20090603.160000.01.19.570.6.png,460,460,frontgust,254,194,283,213
20090603.160000.01.19.570.7.png,460,460,frontgust,302,215,351,247
20090603.160000.01.19.570.7.png,460,460,frontgust,334,248,372,305
20090603.160000.01.19.570.7.png,460,460,frontgust,247,191,276,206
20090603.160000.01.19.570.8.png,460,460,frontgust,296,201,357,230
20090603.160000.01.19.570.8.png,460,460,frontgust,242,188,271,198
20090603.160000.01.19.570.9.png,460,460,frontgust,282,190,385,234
20090603.160000.01.19.570.9.png,460,460,frontgust,236,181,266,193
20090603.171800.01.19.570.0.png,460,460,frontgust,179,92,202,136
20090603.171800.01.19.570.0.png,460,460,frontgust,91,107,201,231
20090603.171800.01.19.570.1.png,460,460,frontgust,159,109,173,150
20090603.171800.01.19.570.1.png,460,460,frontgust,78,97,179,253
20090603.171800.01.19.570.10.png,460,460,frontgust,119,292,148,308
20090603.171800.01.19.570.10.png,460,460,frontgust,95,284,251,360
20090603.171800.01.19.570.11.png,460,460,frontgust,129,305,165,321
20090603.171800.01.19.570.11.png,460,460,frontgust,113,299,275,360
20090603.171800.01.19.570.12.png,460,460,frontgust,123,306,286,352
20090603.171800.01.19.570.13.png,460,460,frontgust,157,307,307,341
20090603.171800.01.19.570.14.png,460,460,frontgust,175,304,328,348
20090603.171800.01.19.570.15.png,460,460,frontgust,192,296,336,362
20090603.171800.01.19.570.16.png,460,460,frontgust,225,281,337,355
20090603.171800.01.19.570.17.png,460,460,frontgust,246,262,349,356
20090603.171800.01.19.570.18.png,460,460,frontgust,269,246,357,349
20090603.171800.01.19.570.19.png,460,460,frontgust,287,227,346,347
20090603.171800.01.19.570.2.png,460,460,frontgust,112,105,164,260
20090603.171800.01.19.570.20.png,460,460,frontgust,297,218,338,344
20090603.171800.01.19.570.21.png,460,460,frontgust,304,199,336,319
20090603.171800.01.19.570.22.png,460,460,frontgust,307,180,339,300
20090603.171800.01.19.570.23.png,460,460,frontgust,304,171,353,285
20090603.171800.01.19.570.24.png,460,460,frontgust,297,159,356,262
20090603.171800.01.19.570.25.png,460,460,frontgust,291,168,367,247
20090603.171800.01.19.570.26.png,460,460,frontgust,277,139,373,218
20090603.171800.01.19.570.27.png,460,460,frontgust,267,139,365,194
20090603.171800.01.19.570.28.png,460,460,frontgust,242,121,369,178
20090603.171800.01.19.570.29.png,460,460,frontgust,218,125,353,165
20090603.171800.01.19.570.3.png,460,460,frontgust,126,134,156,263
20090603.171800.01.19.570.30.png,460,460,frontgust,211,133,329,157
20090603.171800.01.19.570.31.png,460,460,frontgust,191,117,320,153
20090603.171800.01.19.570.4.png,460,460,frontgust,127,158,155,300
20090603.171800.01.19.570.5.png,460,460,frontgust,111,183,157,319
20090603.171800.01.19.570.6.png,460,460,frontgust,101,198,166,327
20090603.171800.01.19.570.7.png,460,460,frontgust,103,224,183,352
20090603.171800.01.19.570.8.png,460,460,frontgust,95,249,203,359
20090603.171800.01.19.570.9.png,460,460,frontgust,108,262,225,363
20090605.072459.01.19.570.10.png,460,460,frontgust,224,289,307,380
20090605.072459.01.19.570.11.png,460,460,frontgust,253,266,315,373
20090605.072459.01.19.570.12.png,460,460,frontgust,262,268,322,379
20090605.072459.01.19.570.13.png,460,460,frontgust,288,250,332,365
20090605.072459.01.19.570.14.png,460,460,frontgust,311,229,342,362
20090605.072459.01.19.570.15.png,460,460,frontgust,328,224,349,341
20090605.072459.01.19.570.16.png,460,460,frontgust,332,210,360,329
20090605.072459.01.19.570.17.png,460,460,frontgust,321,188,371,293
20090605.072459.01.19.570.18.png,460,460,frontgust,320,179,379,289
20090605.072459.01.19.570.19.png,460,460,frontgust,301,166,386,264
20090605.072459.01.19.570.20.png,460,460,frontgust,293,153,389,240
20090605.072459.01.19.570.21.png,460,460,frontgust,277,140,385,217
20090605.072459.01.19.570.22.png,460,460,frontgust,263,133,386,185
20090605.072459.01.19.570.23.png,460,460,frontgust,249,122,372,172
20090605.072459.01.19.570.24.png,460,460,frontgust,212,112,364,160
20090605.072459.01.19.570.25.png,460,460,frontgust,217,103,342,149
20090605.072459.01.19.570.26.png,460,460,frontgust,182,91,326,140
20090605.072459.01.19.570.27.png,460,460,frontgust,172,80,302,147
20090605.072459.01.19.570.3.png,460,460,frontgust,76,252,194,328
20090605.072459.01.19.570.4.png,460,460,frontgust,86,266,217,332
20090605.072459.01.19.570.5.png,460,460,frontgust,89,287,227,339
20090605.072459.01.19.570.6.png,460,460,frontgust,102,306,240,349
20090605.072459.01.19.570.7.png,460,460,frontgust,134,316,249,360
20090605.072459.01.19.570.8.png,460,460,frontgust,153,321,270,371
20090605.072459.01.19.570.9.png,460,460,frontgust,181,311,285,376
20090605.095401.01.19.570.10.png,460,460,frontgust,169,274,238,311
20090605.095401.01.19.570.10.png,460,460,frontgust,258,198,327,271
20090605.095401.01.19.570.11.png,460,460,frontgust,175,274,244,314
20090605.095401.01.19.570.11.png,460,460,frontgust,257,186,320,269
20090605.095401.01.19.570.12.png,460,460,frontgust,183,278,251,326
20090605.095401.01.19.570.12.png,460,460,frontgust,269,168,311,259
20090605.095401.01.19.570.13.png,460,460,frontgust,207,267,262,331
20090605.095401.01.19.570.13.png,460,460,frontgust,272,150,303,250
20090605.095401.01.19.570.14.png,460,460,frontgust,227,259,269,323
20090605.095401.01.19.570.14.png,460,460,frontgust,273,187,295,244
20090605.095401.01.19.570.15.png,460,460,frontgust,242,261,277,330
20090605.095401.01.19.570.15.png,460,460,frontgust,269,130,291,247
20090605.095401.01.19.570.16.png,460,460,frontgust,257,251,289,329
20090605.095401.01.19.570.16.png,460,460,frontgust,251,133,286,233
20090605.095401.01.19.570.17.png,460,460,frontgust,276,239,298,313
20090605.095401.01.19.570.17.png,460,460,frontgust,237,132,282,228
20090605.095401.01.19.570.18.png,460,460,frontgust,277,230,303,304
20090605.095401.01.19.570.18.png,460,460,frontgust,219,131,280,216
20090605.095401.01.19.570.19.png,460,460,frontgust,277,218,307,282
20090605.095401.01.19.570.19.png,460,460,frontgust,197,129,274,204
20090605.095401.01.19.570.20.png,460,460,frontgust,276,214,319,279
20090605.095401.01.19.570.20.png,460,460,frontgust,178,136,267,200
20090605.095401.01.19.570.21.png,460,460,frontgust,267,203,319,256
20090605.095401.01.19.570.21.png,460,460,frontgust,169,147,262,195
20090605.095401.01.19.570.22.png,460,460,frontgust,266,195,324,238
20090605.095401.01.19.570.22.png,460,460,frontgust,148,159,254,188
20090605.095401.01.19.570.23.png,460,460,frontgust,255,188,323,226
20090605.095401.01.19.570.23.png,460,460,frontgust,142,163,248,188
20090605.095401.01.19.570.24.png,460,460,frontgust,247,180,320,211
20090605.095401.01.19.570.24.png,460,460,frontgust,137,168,245,196
20090605.095401.01.19.570.25.png,460,460,frontgust,241,170,319,199
20090605.095401.01.19.570.25.png,460,460,frontgust,136,174,237,206
20090605.095401.01.19.570.26.png,460,460,frontgust,236,160,318,189
20090605.095401.01.19.570.26.png,460,460,frontgust,124,178,227,225
20090605.095401.01.19.570.27.png,460,460,frontgust,227,157,301,184
20090605.095401.01.19.570.27.png,460,460,frontgust,140,181,223,229
20090605.095401.01.19.570.28.png,460,460,frontgust,139,185,216,250
20090605.095401.01.19.570.28.png,460,460,frontgust,223,151,287,185
20090605.095401.01.19.570.29.png,460,460,frontgust,142,191,207,267
20090605.095401.01.19.570.29.png,460,460,frontgust,210,149,270,191
20090605.095401.01.19.570.30.png,460,460,frontgust,153,197,200,279
20090605.095401.01.19.570.30.png,460,460,frontgust,205,139,261,197
20090605.095401.01.19.570.31.png,460,460,frontgust,159,204,197,301
20090605.095401.01.19.570.31.png,460,460,frontgust,197,134,246,201
20090605.095401.01.19.570.32.png,460,460,frontgust,162,209,190,307
20090605.095401.01.19.570.32.png,460,460,frontgust,189,136,227,204
20090605.095401.01.19.570.33.png,460,460,frontgust,180,132,215,218
20090605.095401.01.19.570.33.png,460,460,frontgust,168,223,202,320
20090605.095401.01.19.570.34.png,460,460,frontgust,172,225,212,327
20090605.095401.01.19.570.34.png,460,460,frontgust,171,139,199,223
20090605.095401.01.19.570.35.png,460,460,frontgust,177,229,223,321
20090605.095401.01.19.570.35.png,460,460,frontgust,164,147,191,227
20090605.095401.01.19.570.5.png,460,460,frontgust,134,234,205,269
20090605.095401.01.19.570.5.png,460,460,frontgust,214,273,324,298
20090605.095401.01.19.570.6.png,460,460,frontgust,132,243,216,278
20090605.095401.01.19.570.6.png,460,460,frontgust,220,266,319,293
20090605.095401.01.19.570.7.png,460,460,frontgust,139,252,225,286
20090605.095401.01.19.570.7.png,460,460,frontgust,227,254,321,289
20090605.095401.01.19.570.8.png,460,460,frontgust,231,235,324,283
20090605.095401.01.19.570.8.png,460,460,frontgust,150,276,229,294
20090605.095401.01.19.570.9.png,460,460,frontgust,240,225,327,280
20090605.095401.01.19.570.9.png,460,460,frontgust,167,271,235,301
20090614.112400.01.19.570.0.png,460,460,frontgust,188,299,298,335
20090614.112400.01.19.570.1.png,460,460,frontgust,204,297,291,339
20090614.112400.01.19.570.10.png,460,460,frontgust,297,175,343,245
20090614.112400.01.19.570.11.png,460,460,frontgust,277,154,346,229
20090614.112400.01.19.570.12.png,460,460,frontgust,269,151,347,213
20090614.112400.01.19.570.13.png,460,460,frontgust,255,146,337,192
20090614.112400.01.19.570.14.png,460,460,frontgust,232,133,329,177
20090614.112400.01.19.570.15.png,460,460,frontgust,220,134,315,161
20090614.112400.01.19.570.16.png,460,460,frontgust,202,137,309,155
20090614.112400.01.19.570.17.png,460,460,frontgust,188,132,291,153
20090614.112400.01.19.570.18.png,460,460,frontgust,186,122,275,159
20090614.112400.01.19.570.19.png,460,460,frontgust,171,122,243,166
20090614.112400.01.19.570.2.png,460,460,frontgust,225,282,302,340
20090614.112400.01.19.570.20.png,460,460,frontgust,162,123,226,174
20090614.112400.01.19.570.21.png,460,460,frontgust,152,125,209,186
20090614.112400.01.19.570.22.png,460,460,frontgust,135,125,190,206
20090614.112400.01.19.570.23.png,460,460,frontgust,137,134,179,222
20090614.112400.01.19.570.24.png,460,460,frontgust,141,140,163,231
20090614.112400.01.19.570.25.png,460,460,frontgust,138,159,160,244
20090614.112400.01.19.570.26.png,460,460,frontgust,133,179,156,269
20090614.112400.01.19.570.27.png,460,460,frontgust,126,192,158,279
20090614.112400.01.19.570.28.png,460,460,frontgust,124,215,164,289
20090614.112400.01.19.570.29.png,460,460,frontgust,124,234,171,296
20090614.112400.01.19.570.3.png,460,460,frontgust,249,268,312,333
20090614.112400.01.19.570.30.png,460,460,frontgust,121,249,183,304
20090614.112400.01.19.570.4.png,460,460,frontgust,274,262,312,333
20090614.112400.01.19.570.5.png,460,460,frontgust,291,240,319,316
20090614.112400.01.19.570.6.png,460,460,frontgust,305,228,323,311
20090614.112400.01.19.570.7.png,460,460,frontgust,308,213,324,299
20090614.112400.01.19.570.8.png,460,460,frontgust,309,199,333,284
20090614.112400.01.19.570.9.png,460,460,frontgust,303,185,340,264
20090701.100000.01.19.570.10.png,460,460,frontgust,187,189,202,241
20090701.100000.01.19.570.11.png,460,460,frontgust,183,197,199,246
20090701.100000.01.19.570.12.png,460,460,frontgust,180,206,199,259
20090701.100000.01.19.570.13.png,460,460,frontgust,179,216,201,262
20090701.100000.01.19.570.14.png,460,460,frontgust,177,226,205,265
20090701.100000.01.19.570.15.png,460,460,frontgust,176,235,211,265
20090701.100000.01.19.570.16.png,460,460,frontgust,177,240,217,271
20090701.100000.01.19.570.17.png,460,460,frontgust,179,245,227,273
20090701.100000.01.19.570.18.png,460,460,frontgust,184,253,228,274
20090701.100000.01.19.570.19.png,460,460,frontgust,190,258,239,275
20090701.100000.01.19.570.20.png,460,460,frontgust,195,259,248,278
20090701.100000.01.19.570.21.png,460,460,frontgust,205,262,253,280
20090701.100000.01.19.570.22.png,460,460,frontgust,210,260,259,282
20090701.100000.01.19.570.23.png,460,460,frontgust,224,258,260,285
20090701.100000.01.19.570.24.png,460,460,frontgust,233,252,267,284
20090701.100000.01.19.570.25.png,460,460,frontgust,241,246,269,281
20090701.100000.01.19.570.26.png,460,460,frontgust,247,239,271,284
20090701.100000.01.19.570.27.png,460,460,frontgust,253,230,270,282
20090701.100000.01.19.570.28.png,460,460,frontgust,257,224,274,276
20090701.100000.01.19.570.29.png,460,460,frontgust,260,214,280,269
20090701.100000.01.19.570.3.png,460,460,frontgust,214,176,256,199
20090701.100000.01.19.570.30.png,460,460,frontgust,260,209,283,258
20090701.100000.01.19.570.31.png,460,460,frontgust,258,203,287,250
20090701.100000.01.19.570.4.png,460,460,frontgust,205,173,247,201
20090701.100000.01.19.570.5.png,460,460,frontgust,194,172,235,207
20090701.100000.01.19.570.6.png,460,460,frontgust,193,174,223,214
20090701.100000.01.19.570.7.png,460,460,frontgust,190,174,216,218
20090701.100000.01.19.570.8.png,460,460,frontgust,184,175,211,228
20090701.100000.01.19.570.9.png,460,460,frontgust,189,181,207,231
20090826.115401.01.19.570.10.png,460,460,frontgust,242,232,261,300
20090826.115401.01.19.570.11.png,460,460,frontgust,239,227,270,291
20090826.115401.01.19.570.12.png,460,460,frontgust,246,235,286,287
20090826.115401.01.19.570.13.png,460,460,frontgust,237,222,287,271
20090826.115401.01.19.570.14.png,460,460,frontgust,239,223,307,265
20090826.115401.01.19.570.15.png,460,460,frontgust,239,221,309,253
20090826.115401.01.19.570.16.png,460,460,frontgust,234,221,301,241
20090826.115401.01.19.570.17.png,460,460,frontgust,232,216,309,233
20090826.115401.01.19.570.18.png,460,460,frontgust,236,210,311,224
20090826.115401.01.19.570.19.png,460,460,frontgust,233,196,308,226
20090826.115401.01.19.570.20.png,460,460,frontgust,234,184,305,218
20090826.115401.01.19.570.21.png,460,460,frontgust,231,175,291,220
20090826.115401.01.19.570.22.png,460,460,frontgust,224,144,288,221
20090826.115401.01.19.570.23.png,460,460,frontgust,231,131,277,213
20090826.115401.01.19.570.24.png,460,460,frontgust,219,121,264,217
20090826.115401.01.19.570.25.png,460,460,frontgust,222,128,243,220
20090826.115401.01.19.570.26.png,460,460,frontgust,217,119,230,219
20090826.115401.01.19.570.27.png,460,460,frontgust,196,118,220,223
20090826.115401.01.19.570.28.png,460,460,frontgust,178,130,222,229
20090826.115401.01.19.570.29.png,460,460,frontgust,163,137,219,228
20090826.115401.01.19.570.30.png,460,460,frontgust,143,159,217,233
20090826.115401.01.19.570.31.png,460,460,frontgust,128,173,221,233
20090826.115401.01.19.570.32.png,460,460,frontgust,119,189,221,238
20090826.115401.01.19.570.33.png,460,460,frontgust,122,208,219,240
20090826.115401.01.19.570.34.png,460,460,frontgust,117,223,225,242
20090826.115401.01.19.570.35.png,460,460,frontgust,114,235,221,250
20090826.115401.01.19.570.5.png,460,460,frontgust,187,241,238,326
20090826.115401.01.19.570.6.png,460,460,frontgust,205,244,241,330
20090826.115401.01.19.570.7.png,460,460,frontgust,221,239,244,332
20090826.115401.01.19.570.8.png,460,460,frontgust,235,241,248,338
20090826.115401.01.19.570.9.png,460,460,frontgust,240,240,250,286
20100617.180733.01.19.570.0.png,460,460,frontgust,148,185,261,220
20100617.180733.01.19.570.0.png,460,460,frontgust,247,207,331,240
20100617.180733.01.19.570.1.png,460,460,frontgust,145,181,261,230
20100617.180733.01.19.570.1.png,460,460,frontgust,245,199,320,225
20100617.180733.01.19.570.10.png,460,460,frontgust,202,141,227,223
20100617.180733.01.19.570.10.png,460,460,frontgust,185,222,230,322
20100617.180733.01.19.570.11.png,460,460,frontgust,194,129,216,237
20100617.180733.01.19.570.11.png,460,460,frontgust,184,224,243,322
20100617.180733.01.19.570.12.png,460,460,frontgust,186,151,211,238
20100617.180733.01.19.570.12.png,460,460,frontgust,183,239,250,321
20100617.180733.01.19.570.13.png,460,460,frontgust,173,151,207,241
20100617.180733.01.19.570.13.png,460,460,frontgust,182,238,265,310
20100617.180733.01.19.570.14.png,460,460,frontgust,159,175,206,242
20100617.180733.01.19.570.14.png,460,460,frontgust,185,244,277,310
20100617.180733.01.19.570.15.png,460,460,frontgust,152,183,209,251
20100617.180733.01.19.570.15.png,460,460,frontgust,191,254,289,300
20100617.180733.01.19.570.16.png,460,460,frontgust,145,199,213,255
20100617.180733.01.19.570.16.png,460,460,frontgust,202,255,300,294
20100617.180733.01.19.570.17.png,460,460,frontgust,129,213,213,256
20100617.180733.01.19.570.17.png,460,460,frontgust,212,254,318,283
20100617.180733.01.19.570.18.png,460,460,frontgust,137,225,218,260
20100617.180733.01.19.570.18.png,460,460,frontgust,227,243,317,273
20100617.180733.01.19.570.19.png,460,460,frontgust,140,239,226,260
20100617.180733.01.19.570.19.png,460,460,frontgust,230,238,320,272
20100617.180733.01.19.570.2.png,460,460,frontgust,145,185,229,243
20100617.180733.01.19.570.2.png,460,460,frontgust,246,195,330,215
20100617.180733.01.19.570.20.png,460,460,frontgust,136,247,228,268
20100617.180733.01.19.570.20.png,460,460,frontgust,235,233,322,275
20100617.180733.01.19.570.21.png,460,460,frontgust,152,252,237,279
20100617.180733.01.19.570.21.png,460,460,frontgust,243,219,320,273
20100617.180733.01.19.570.22.png,460,460,frontgust,165,255,239,289
20100617.180733.01.19.570.22.png,460,460,frontgust,252,205,317,267
20100617.180733.01.19.570.23.png,460,460,frontgust,257,188,311,261
20100617.180733.01.19.570.23.png,460,460,frontgust,173,256,241,301
20100617.180733.01.19.570.24.png,460,460,frontgust,259,177,300,256
20100617.180733.01.19.570.24.png,460,460,frontgust,184,255,250,306
20100617.180733.01.19.570.25.png,460,460,frontgust,257,164,289,248
20100617.180733.01.19.570.25.png,460,460,frontgust,198,248,252,313
20100617.180733.01.19.570.26.png,460,460,frontgust,214,249,250,318
20100617.180733.01.19.570.26.png,460,460,frontgust,255,158,274,240
20100617.180733.01.19.570.27.png,460,460,frontgust,243,144,274,236
20100617.180733.01.19.570.27.png,460,460,frontgust,226,244,259,319
20100617.180733.01.19.570.28.png,460,460,frontgust,240,158,280,240
20100617.180733.01.19.570.28.png,460,460,frontgust,238,245,255,324
20100617.180733.01.19.570.29.png,460,460,frontgust,225,152,277,223
20100617.180733.01.19.570.29.png,460,460,frontgust,247,241,263,323
20100617.180733.01.19.570.3.png,460,460,frontgust,144,185,227,254
20100617.180733.01.19.570.3.png,460,460,frontgust,238,181,319,208
20100617.180733.01.19.570.30.png,460,460,frontgust,254,230,279,311
20100617.180733.01.19.570.30.png,460,460,frontgust,217,154,280,225
20100617.180733.01.19.570.31.png,460,460,frontgust,199,153,272,216
20100617.180733.01.19.570.31.png,460,460,frontgust,255,222,287,299
20100617.180733.01.19.570.32.png,460,460,frontgust,256,220,302,290
20100617.180733.01.19.570.32.png,460,460,frontgust,186,160,269,206
20100617.180733.01.19.570.33.png,460,460,frontgust,177,164,268,203
20100617.180733.01.19.570.33.png,460,460,frontgust,256,213,301,277
20100617.180733.01.19.570.34.png,460,460,frontgust,164,168,264,206
20100617.180733.01.19.570.34.png,460,460,frontgust,253,209,312,261
20100617.180733.01.19.570.35.png,460,460,frontgust,157,186,249,215
20100617.180733.01.19.570.35.png,460,460,frontgust,257,213,322,251
20100617.180733.01.19.570.4.png,460,460,frontgust,147,189,214,269
20100617.180733.01.19.570.4.png,460,460,frontgust,223,173,308,206
20100617.180733.01.19.570.5.png,460,460,frontgust,222,164,294,202
20100617.180733.01.19.570.5.png,460,460,frontgust,153,187,213,277
20100617.180733.01.19.570.6.png,460,460,frontgust,159,191,206,292
20100617.180733.01.19.570.6.png,460,460,frontgust,216,158,277,206
20100617.180733.01.19.570.7.png,460,460,frontgust,208,143,266,212
20100617.180733.01.19.570.7.png,460,460,frontgust,170,207,207,301
20100617.180733.01.19.570.8.png,460,460,frontgust,211,137,252,206
20100617.180733.01.19.570.8.png,460,460,frontgust,179,209,209,307
20100617.180733.01.19.570.9.png,460,460,frontgust,203,140,237,219
20100617.180733.01.19.570.9.png,460,460,frontgust,183,220,219,311
20100629.100601.01.19.570.0.png,460,460,frontgust,195,250,237,285
20100629.100601.01.19.570.1.png,460,460,frontgust,199,259,242,282
20100629.100601.01.19.570.10.png,460,460,frontgust,257,224,274,271
20100629.100601.01.19.570.11.png,460,460,frontgust,260,221,278,268
20100629.100601.01.19.570.2.png,460,460,frontgust,207,254,252,281
20100629.100601.01.19.570.21.png,460,460,frontgust,208,182,255,199
20100629.100601.01.19.570.22.png,460,460,frontgust,201,185,249,200
20100629.100601.01.19.570.23.png,460,460,frontgust,188,181,237,203
20100629.100601.01.19.570.24.png,460,460,frontgust,185,181,230,207
20100629.100601.01.19.570.25.png,460,460,frontgust,184,180,221,210
20100629.100601.01.19.570.26.png,460,460,frontgust,178,185,212,221
20100629.100601.01.19.570.27.png,460,460,frontgust,175,190,209,230
20100629.100601.01.19.570.28.png,460,460,frontgust,176,195,204,240
20100629.100601.01.19.570.29.png,460,460,frontgust,177,198,200,249
20100629.100601.01.19.570.3.png,460,460,frontgust,204,260,260,280
20100629.100601.01.19.570.30.png,460,460,frontgust,181,207,201,263
20100629.100601.01.19.570.31.png,460,460,frontgust,176,213,200,274
20100629.100601.01.19.570.32.png,460,460,frontgust,178,222,202,277
20100629.100601.01.19.570.33.png,460,460,frontgust,178,230,207,279
20100629.100601.01.19.570.34.png,460,460,frontgust,179,240,218,289
20100629.100601.01.19.570.35.png,460,460,frontgust,181,246,224,286
20100629.100601.01.19.570.4.png,460,460,frontgust,216,261,273,281
20100629.100601.01.19.570.5.png,460,460,frontgust,224,258,273,284
20100629.100601.01.19.570.6.png,460,460,frontgust,231,253,281,283
20100629.100601.01.19.570.7.png,460,460,frontgust,241,246,277,281
20100629.100601.01.19.570.8.png,460,460,frontgust,247,239,285,276
20100629.100601.01.19.570.9.png,460,460,frontgust,252,230,285,269
20100706.093344.01.19.570.0.png,460,460,frontgust,189,183,270,205
20100706.093344.01.19.570.1.png,460,460,frontgust,185,180,265,209
20100706.093344.01.19.570.10.png,460,460,frontgust,179,206,208,278
20100706.093344.01.19.570.11.png,460,460,frontgust,179,213,214,279
20100706.093344.01.19.570.12.png,460,460,frontgust,178,225,221,291
20100706.093344.01.19.570.13.png,460,460,frontgust,179,234,228,294
20100706.093344.01.19.570.14.png,460,460,frontgust,180,244,236,292
20100706.093344.01.19.570.15.png,460,460,frontgust,182,251,249,290
20100706.093344.01.19.570.16.png,460,460,frontgust,183,257,257,289
20100706.093344.01.19.570.17.png,460,460,frontgust,188,259,266,282
20100706.093344.01.19.570.18.png,460,460,frontgust,197,258,280,278
20100706.093344.01.19.570.19.png,460,460,frontgust,206,253,283,280
20100706.093344.01.19.570.2.png,460,460,frontgust,181,178,248,215
20100706.093344.01.19.570.20.png,460,460,frontgust,219,249,286,278
20100706.093344.01.19.570.21.png,460,460,frontgust,227,242,289,278
20100706.093344.01.19.570.22.png,460,460,frontgust,236,232,292,275
20100706.093344.01.19.570.23.png,460,460,frontgust,241,223,292,276
20100706.093344.01.19.570.24.png,460,460,frontgust,249,214,288,282
20100706.093344.01.19.570.25.png,460,460,frontgust,256,208,277,276
20100706.093344.01.19.570.26.png,460,460,frontgust,258,199,277,274
20100706.093344.01.19.570.27.png,460,460,frontgust,257,194,272,264
20100706.093344.01.19.570.28.png,460,460,frontgust,253,186,278,259
20100706.093344.01.19.570.29.png,460,460,frontgust,247,177,282,248
20100706.093344.01.19.570.3.png,460,460,frontgust,174,175,242,222
20100706.093344.01.19.570.30.png,460,460,frontgust,241,166,288,239
20100706.093344.01.19.570.31.png,460,460,frontgust,234,168,289,234
20100706.093344.01.19.570.32.png,460,460,frontgust,225,169,280,219
20100706.093344.01.19.570.4.png,460,460,frontgust,157,179,228,231
20100706.093344.01.19.570.5.png,460,460,frontgust,164,176,222,240
20100706.093344.01.19.570.6.png,460,460,frontgust,147,182,209,254
20100706.093344.01.19.570.7.png,460,460,frontgust,163,184,204,261
20100706.093344.01.19.570.8.png,460,460,frontgust,171,188,202,266
20100706.093344.01.19.570.9.png,460,460,frontgust,183,198,205,270
20100708.022157.01.19.570.10.png,460,460,frontgust,187,112,227,221
20100708.022157.01.19.570.19.png,460,460,frontgust,109,232,216,273
20100708.022157.01.19.570.2.png,460,460,frontgust,235,187,347,208
20100708.022157.01.19.570.20.png,460,460,frontgust,111,250,247,280
20100708.022157.01.19.570.21.png,460,460,frontgust,127,262,253,295
20100708.022157.01.19.570.22.png,460,460,frontgust,136,266,254,310
20100708.022157.01.19.570.23.png,460,460,frontgust,156,265,252,326
20100708.022157.01.19.570.24.png,460,460,frontgust,175,262,254,334
20100708.022157.01.19.570.25.png,460,460,frontgust,191,257,260,339
20100708.022157.01.19.570.26.png,460,460,frontgust,208,251,266,349
20100708.022157.01.19.570.27.png,460,460,frontgust,225,251,263,349
20100708.022157.01.19.570.28.png,460,460,frontgust,241,242,277,345
20100708.022157.01.19.570.29.png,460,460,frontgust,255,237,277,343
20100708.022157.01.19.570.3.png,460,460,frontgust,228,169,335,201
20100708.022157.01.19.570.30.png,460,460,frontgust,262,224,294,331
20100708.022157.01.19.570.31.png,460,460,frontgust,266,214,313,321
20100708.022157.01.19.570.32.png,460,460,frontgust,266,207,327,308
20100708.022157.01.19.570.33.png,460,460,frontgust,262,203,337,288
20100708.022157.01.19.570.34.png,460,460,frontgust,258,201,344,273
20100708.022157.01.19.570.35.png,460,460,frontgust,252,188,351,254
20100708.022157.01.19.570.4.png,460,460,frontgust,208,160,317,195
20100708.022157.01.19.570.5.png,460,460,frontgust,209,139,309,196
20100708.022157.01.19.570.6.png,460,460,frontgust,197,127,292,197
20100708.022157.01.19.570.7.png,460,460,frontgust,200,117,274,202
20100708.022157.01.19.570.8.png,460,460,frontgust,186,116,256,209
20100708.022157.01.19.570.9.png,460,460,frontgust,186,109,240,210
20100722.091801.01.19.570.0.png,460,460,frontgust,174,197,211,231
20100722.091801.01.19.570.1.png,460,460,frontgust,175,201,207,242
20100722.091801.01.19.570.18.png,460,460,frontgust,245,226,309,268
20100722.091801.01.19.570.19.png,460,460,frontgust,252,214,303,267
20100722.091801.01.19.570.2.png,460,460,frontgust,164,202,203,264
20100722.091801.01.19.570.20.png,460,460,frontgust,257,209,286,268
20100722.091801.01.19.570.21.png,460,460,frontgust,259,204,281,258
20100722.091801.01.19.570.22.png,460,460,frontgust,260,183,285,253
20100722.091801.01.19.570.23.png,460,460,frontgust,259,176,278,241
20100722.091801.01.19.570.24.png,460,460,frontgust,255,165,283,239
20100722.091801.01.19.570.25.png,460,460,frontgust,248,160,283,229
20100722.091801.01.19.570.26.png,460,460,frontgust,239,156,274,221
20100722.091801.01.19.570.27.png,460,460,frontgust,228,154,272,217
20100722.091801.01.19.570.28.png,460,460,frontgust,219,172,269,211
20100722.091801.01.19.570.29.png,460,460,frontgust,212,175,262,206
20100722.091801.01.19.570.3.png,460,460,frontgust,162,214,202,277
20100722.091801.01.19.570.30.png,460,460,frontgust,194,177,255,204
20100722.091801.01.19.570.31.png,460,460,frontgust,185,180,250,202
20100722.091801.01.19.570.32.png,460,460,frontgust,183,190,243,204
20100722.091801.01.19.570.33.png,460,460,frontgust,177,188,239,209
20100722.091801.01.19.570.34.png,460,460,frontgust,174,189,228,217
20100722.091801.01.19.570.35.png,460,460,frontgust,169,189,221,225
20100722.091801.01.19.570.4.png,460,460,frontgust,183,210,201,269
20100722.091801.01.19.570.5.png,460,460,frontgust,188,220,204,282
20100722.091801.01.19.570.6.png,460,460,frontgust,192,233,209,289
20100722.091801.01.19.570.7.png,460,460,frontgust,195,239,216,289
20100722.091801.01.19.570.8.png,460,460,frontgust,191,241,224,296
20100722.091801.01.19.570.9.png,460,460,frontgust,192,245,234,293
20100804.132041.01.19.570.13.png,460,460,frontgust,172,296,300,318
20100804.132041.01.19.570.14.png,460,460,frontgust,199,293,300,319
20100804.132041.01.19.570.15.png,460,460,frontgust,223,281,308,317
20100804.132041.01.19.570.16.png,460,460,frontgust,232,271,318,319
20100804.132041.01.19.570.17.png,460,460,frontgust,249,255,323,315
20100804.132041.01.19.570.18.png,460,460,frontgust,270,239,321,313
20100804.132041.01.19.570.19.png,460,460,frontgust,278,230,311,310
20100804.132041.01.19.570.20.png,460,460,frontgust,291,213,315,294
20100804.132041.01.19.570.21.png,460,460,frontgust,293,201,313,288
20100804.132041.01.19.570.22.png,460,460,frontgust,293,192,317,278
20100804.132041.01.19.570.23.png,460,460,frontgust,291,174,324,264
20100804.132041.01.19.570.24.png,460,460,frontgust,282,163,327,249
20100804.132041.01.19.570.25.png,460,460,frontgust,272,154,327,228
20100804.132041.01.19.570.26.png,460,460,frontgust,261,148,327,210
20100804.132041.01.19.570.27.png,460,460,frontgust,246,146,321,198
20100804.132041.01.19.570.28.png,460,460,frontgust,233,142,310,182
20100804.132041.01.19.570.29.png,460,460,frontgust,217,141,308,173
20100804.132041.01.19.570.30.png,460,460,frontgust,187,141,297,170
20100804.132041.01.19.570.31.png,460,460,frontgust,180,144,282,167
20100804.132041.01.19.570.32.png,460,460,frontgust,171,140,266,167
20100804.132041.01.19.570.33.png,460,460,frontgust,157,135,249,176
20100804.132041.01.19.570.34.png,460,460,frontgust,150,135,234,188
20100804.132041.01.19.570.35.png,460,460,frontgust,141,141,212,200
20100805.090001.01.19.570.0.png,460,460,frontgust,167,164,222,238
20100805.090001.01.19.570.1.png,460,460,frontgust,169,170,207,252
20100805.090001.01.19.570.2.png,460,460,frontgust,170,175,200,263
20100805.090001.01.19.570.20.png,460,460,frontgust,261,197,288,284
20100805.090001.01.19.570.21.png,460,460,frontgust,264,193,281,277
20100805.090001.01.19.570.22.png,460,460,frontgust,265,182,285,275
20100805.090001.01.19.570.23.png,460,460,frontgust,260,182,290,261
20100805.090001.01.19.570.24.png,460,460,frontgust,251,169,291,249
20100805.090001.01.19.570.25.png,460,460,frontgust,244,169,295,240
20100805.090001.01.19.570.26.png,460,460,frontgust,234,169,294,228
20100805.090001.01.19.570.27.png,460,460,frontgust,220,167,291,213
20100805.090001.01.19.570.28.png,460,460,frontgust,212,170,289,207
20100805.090001.01.19.570.29.png,460,460,frontgust,202,173,286,199
20100805.090001.01.19.570.3.png,460,460,frontgust,177,180,195,265
20100805.090001.01.19.570.30.png,460,460,frontgust,181,165,280,195
20100805.090001.01.19.570.31.png,460,460,frontgust,184,178,277,196
20100805.090001.01.19.570.32.png,460,460,frontgust,172,173,260,200
20100805.090001.01.19.570.33.png,460,460,frontgust,175,169,250,205
20100805.090001.01.19.570.34.png,460,460,frontgust,168,166,240,215
20100805.090001.01.19.570.35.png,460,460,frontgust,169,164,237,224
20100805.090001.01.19.570.4.png,460,460,frontgust,175,187,198,280
20100805.090001.01.19.570.5.png,460,460,frontgust,172,190,200,284
20100805.090001.01.19.570.6.png,460,460,frontgust,169,205,207,283
20100805.090001.01.19.570.7.png,460,460,frontgust,165,219,222,295
20100805.090001.01.19.570.8.png,460,460,frontgust,167,229,235,292
20100805.090001.01.19.570.9.png,460,460,frontgust,165,240,246,295
20100805.114800.01.19.570.0.png,460,460,frontgust,245,226,280,300
20100805.114800.01.19.570.1.png,460,460,frontgust,256,218,285,301
20100805.114800.01.19.570.10.png,460,460,frontgust,227,175,305,204
20100805.114800.01.19.570.11.png,460,460,frontgust,211,172,297,195
20100805.114800.01.19.570.12.png,460,460,frontgust,202,175,296,187
20100805.114800.01.19.570.13.png,460,460,frontgust,200,170,283,189
20100805.114800.01.19.570.14.png,460,460,frontgust,192,162,278,196
20100805.114800.01.19.570.15.png,460,460,frontgust,186,157,256,202
20100805.114800.01.19.570.16.png,460,460,frontgust,183,156,242,210
20100805.114800.01.19.570.17.png,460,460,frontgust,177,155,227,217
20100805.114800.01.19.570.18.png,460,460,frontgust,175,155,215,230
20100805.114800.01.19.570.19.png,460,460,frontgust,177,156,203,241
20100805.114800.01.19.570.2.png,460,460,frontgust,263,214,284,300
20100805.114800.01.19.570.20.png,460,460,frontgust,179,165,195,240
20100805.114800.01.19.570.21.png,460,460,frontgust,177,164,186,252
20100805.114800.01.19.570.22.png,460,460,frontgust,169,182,188,259
20100805.114800.01.19.570.23.png,460,460,frontgust,163,193,192,266
20100805.114800.01.19.570.24.png,460,460,frontgust,157,205,201,274
20100805.114800.01.19.570.25.png,460,460,frontgust,156,218,208,278
20100805.114800.01.19.570.26.png,460,460,frontgust,160,227,214,282
20100805.114800.01.19.570.27.png,460,460,frontgust,158,239,221,283
20100805.114800.01.19.570.28.png,460,460,frontgust,158,256,235,284
20100805.114800.01.19.570.29.png,460,460,frontgust,174,268,252,283
20100805.114800.01.19.570.30.png,460,460,frontgust,172,274,253,284
20100805.114800.01.19.570.31.png,460,460,frontgust,180,271,261,288
20100805.114800.01.19.570.32.png,460,460,frontgust,183,266,268,300
20100805.114800.01.19.570.33.png,460,460,frontgust,206,258,275,298
20100805.114800.01.19.570.34.png,460,460,frontgust,217,253,277,304
20100805.114800.01.19.570.35.png,460,460,frontgust,230,245,278,302
20100818.070600.01.19.570.0.png,460,460,frontgust,189,162,300,231
20100818.070600.01.19.570.0.png,460,460,frontgust,182,237,268,321
20100818.070600.01.19.570.1.png,460,460,frontgust,186,153,276,243
20100818.070600.01.19.570.1.png,460,460,frontgust,184,246,287,316
20100818.070600.01.19.570.15.png,460,460,frontgust,251,126,281,239
20100818.070600.01.19.570.15.png,460,460,frontgust,146,246,275,277
20100818.070600.01.19.570.16.png,460,460,frontgust,231,132,279,229
20100818.070600.01.19.570.16.png,460,460,frontgust,159,238,278,284
20100818.070600.01.19.570.17.png,460,460,frontgust,213,137,284,223
20100818.070600.01.19.570.17.png,460,460,frontgust,173,228,279,294
20100818.070600.01.19.570.18.png,460,460,frontgust,196,138,279,222
20100818.070600.01.19.570.18.png,460,460,frontgust,176,227,276,301
20100818.070600.01.19.570.19.png,460,460,frontgust,180,150,278,219
20100818.070600.01.19.570.19.png,460,460,frontgust,190,225,270,306
20100818.070600.01.19.570.2.png,460,460,frontgust,185,160,240,256
20100818.070600.01.19.570.2.png,460,460,frontgust,193,260,298,303
20100818.070600.01.19.570.20.png,460,460,frontgust,163,155,273,213
20100818.070600.01.19.570.20.png,460,460,frontgust,203,222,270,314
20100818.070600.01.19.570.21.png,460,460,frontgust,149,168,270,213
20100818.070600.01.19.570.21.png,460,460,frontgust,216,217,266,311
20100818.070600.01.19.570.22.png,460,460,frontgust,140,174,265,205
20100818.070600.01.19.570.22.png,460,460,frontgust,237,208,267,317
20100818.070600.01.19.570.23.png,460,460,frontgust,139,179,257,209
20100818.070600.01.19.570.23.png,460,460,frontgust,245,199,269,319
20100818.070600.01.19.570.24.png,460,460,frontgust,138,180,240,218
20100818.070600.01.19.570.24.png,460,460,frontgust,245,184,275,318
20100818.070600.01.19.570.25.png,460,460,frontgust,128,181,239,236
20100818.070600.01.19.570.25.png,460,460,frontgust,241,186,284,312
20100818.070600.01.19.570.26.png,460,460,frontgust,133,178,237,254
20100818.070600.01.19.570.26.png,460,460,frontgust,237,188,292,304
20100818.070600.01.19.570.27.png,460,460,frontgust,139,180,222,273
20100818.070600.01.19.570.27.png,460,460,frontgust,225,183,300,291
20100818.070600.01.19.570.28.png,460,460,frontgust,145,188,209,290
20100818.070600.01.19.570.28.png,460,460,frontgust,214,183,304,269
20100818.070600.01.19.570.29.png,460,460,frontgust,157,191,202,300
20100818.070600.01.19.570.29.png,460,460,frontgust,204,188,315,263
20100818.070600.01.19.570.3.png,460,460,frontgust,200,266,317,296
20100818.070600.01.19.570.3.png,460,460,frontgust,191,148,239,266
20100818.070600.01.19.570.30.png,460,460,frontgust,170,198,197,318
20100818.070600.01.19.570.30.png,460,460,frontgust,194,191,319,252
20100818.070600.01.19.570.31.png,460,460,frontgust,175,209,196,328
20100818.070600.01.19.570.31.png,460,460,frontgust,191,197,317,231
20100818.070600.01.19.570.32.png,460,460,frontgust,187,193,307,216
20100818.070600.01.19.570.32.png,460,460,frontgust,177,211,207,331
20100818.070600.01.19.570.33.png,460,460,frontgust,177,226,221,331
20100818.070600.01.19.570.33.png,460,460,frontgust,185,187,307,223
20100818.070600.01.19.570.34.png,460,460,frontgust,183,178,301,222
20100818.070600.01.19.570.34.png,460,460,frontgust,180,229,237,330
20100818.070600.01.19.570.35.png,460,460,frontgust,182,171,289,229
20100818.070600.01.19.570.35.png,460,460,frontgust,182,236,253,327
20100818.070600.01.19.570.4.png,460,460,frontgust,195,152,224,264
20100818.070600.01.19.570.4.png,460,460,frontgust,204,266,320,285
20100818.070600.01.19.570.5.png,460,460,frontgust,190,160,208,267
20100818.070600.01.19.570.5.png,460,460,frontgust,206,260,322,285
20100818.070600.01.19.570.6.png,460,460,frontgust,184,166,211,271
20100818.070600.01.19.570.6.png,460,460,frontgust,213,245,331,280
20100818.070600.01.19.570.7.png,460,460,frontgust,175,158,226,277
20100818.070600.01.19.570.7.png,460,460,frontgust,227,226,327,281
20100818.070600.01.19.570.8.png,460,460,frontgust,167,181,228,275
20100818.070600.01.19.570.8.png,460,460,frontgust,229,212,326,281
20100818.070600.01.19.570.9.png,460,460,frontgust,161,192,242,278
20100818.070600.01.19.570.9.png,460,460,frontgust,244,195,325,279
20100819.122400.01.19.570.0.png,460,460,frontgust,160,212,209,255
20100819.122400.01.19.570.1.png,460,460,frontgust,158,223,212,260
20100819.122400.01.19.570.16.png,460,460,frontgust,258,212,291,271
20100819.122400.01.19.570.17.png,460,460,frontgust,255,209,298,262
20100819.122400.01.19.570.18.png,460,460,frontgust,252,205,302,250
20100819.122400.01.19.570.19.png,460,460,frontgust,248,203,300,237
20100819.122400.01.19.570.2.png,460,460,frontgust,157,236,224,264
20100819.122400.01.19.570.20.png,460,460,frontgust,244,203,305,227
20100819.122400.01.19.570.21.png,460,460,frontgust,240,198,301,219
20100819.122400.01.19.570.22.png,460,460,frontgust,234,194,295,208
20100819.122400.01.19.570.23.png,460,460,frontgust,227,189,287,202
20100819.122400.01.19.570.24.png,460,460,frontgust,219,179,285,202
20100819.122400.01.19.570.25.png,460,460,frontgust,217,177,272,205
20100819.122400.01.19.570.26.png,460,460,frontgust,209,174,257,206
20100819.122400.01.19.570.27.png,460,460,frontgust,206,163,244,210
20100819.122400.01.19.570.28.png,460,460,frontgust,202,159,232,217
20100819.122400.01.19.570.29.png,460,460,frontgust,197,159,225,219
20100819.122400.01.19.570.3.png,460,460,frontgust,157,246,224,264
20100819.122400.01.19.570.30.png,460,460,frontgust,192,163,215,224
20100819.122400.01.19.570.31.png,460,460,frontgust,192,166,208,230
20100819.122400.01.19.570.32.png,460,460,frontgust,190,180,203,238
20100819.122400.01.19.570.33.png,460,460,frontgust,175,183,200,241
20100819.122400.01.19.570.34.png,460,460,frontgust,176,193,205,248
20100819.122400.01.19.570.35.png,460,460,frontgust,169,203,206,251
20100819.122400.01.19.570.4.png,460,460,frontgust,162,253,231,266
20100819.122400.01.19.570.5.png,460,460,frontgust,173,259,239,273
20100819.122400.01.19.570.6.png,460,460,frontgust,179,260,242,282
20100819.122400.01.19.570.7.png,460,460,frontgust,190,259,244,286
20100819.122400.01.19.570.8.png,460,460,frontgust,202,258,247,294
20110726.040001.01.19.570.0.png,460,460,frontgust,205,152,289,329
20110726.040001.01.19.570.1.png,460,460,frontgust,235,143,287,322
20110726.040001.01.19.570.10.png,460,460,frontgust,147,173,308,218
20110726.040001.01.19.570.11.png,460,460,frontgust,157,174,307,207
20110726.040001.01.19.570.12.png,460,460,frontgust,150,178,298,202
20110726.040001.01.19.570.13.png,460,460,frontgust,160,175,296,216
20110726.040001.01.19.570.14.png,460,460,frontgust,158,169,285,232
20110726.040001.01.19.570.15.png,460,460,frontgust,158,161,267,248
20110726.040001.01.19.570.16.png,460,460,frontgust,164,156,254,258
20110726.040001.01.19.570.17.png,460,460,frontgust,169,152,243,273
20110726.040001.01.19.570.18.png,460,460,frontgust,173,152,231,289
20110726.040001.01.19.570.19.png,460,460,frontgust,175,155,216,283
20110726.040001.01.19.570.2.png,460,460,frontgust,260,161,283,308
20110726.040001.01.19.570.20.png,460,460,frontgust,178,158,206,296
20110726.040001.01.19.570.21.png,460,460,frontgust,178,163,231,314
20110726.040001.01.19.570.22.png,460,460,frontgust,175,164,232,304
20110726.040001.01.19.570.23.png,460,460,frontgust,166,164,237,300
20110726.040001.01.19.570.24.png,460,460,frontgust,162,194,246,301
20110726.040001.01.19.570.25.png,460,460,frontgust,155,196,260,298
20110726.040001.01.19.570.26.png,460,460,frontgust,152,210,273,292
20110726.040001.01.19.570.27.png,460,460,frontgust,146,218,288,288
20110726.040001.01.19.570.28.png,460,460,frontgust,135,224,289,285
20110726.040001.01.19.570.29.png,460,460,frontgust,157,251,310,283
20110726.040001.01.19.570.3.png,460,460,frontgust,250,165,284,302
20110726.040001.01.19.570.4.png,460,460,frontgust,211,147,290,285
20110726.040001.01.19.570.5.png,460,460,frontgust,207,152,295,284
20110726.040001.01.19.570.6.png,460,460,frontgust,215,159,301,274
20110726.040001.01.19.570.7.png,460,460,frontgust,198,166,305,262
20110726.040001.01.19.570.8.png,460,460,frontgust,197,165,308,245
20110726.040001.01.19.570.9.png,460,460,frontgust,178,171,313,230
20110727.224614.01.19.570.10.png,460,460,frontgust,140,204,241,276
20110727.224614.01.19.570.11.png,460,460,frontgust,144,218,254,275
20110727.224614.01.19.570.12.png,460,460,frontgust,142,236,259,269
20110727.224614.01.19.570.13.png,460,460,frontgust,151,247,266,264
20110727.224614.01.19.570.14.png,460,460,frontgust,157,254,265,274
20110727.224614.01.19.570.15.png,460,460,frontgust,161,249,278,283
20110727.224614.01.19.570.16.png,460,460,frontgust,174,241,275,295
20110727.224614.01.19.570.17.png,460,460,frontgust,187,233,282,298
20110727.224614.01.19.570.18.png,460,460,frontgust,197,226,280,305
20110727.224614.01.19.570.19.png,460,460,frontgust,211,216,278,319
20110727.224614.01.19.570.20.png,460,460,frontgust,223,215,272,312
20110727.224614.01.19.570.21.png,460,460,frontgust,236,205,272,317
20110727.224614.01.19.570.22.png,460,460,frontgust,246,201,268,313
20110727.224614.01.19.570.23.png,460,460,frontgust,251,189,281,314
20110727.224614.01.19.570.24.png,460,460,frontgust,248,189,284,303
20110727.224614.01.19.570.25.png,460,460,frontgust,243,190,290,288
20110727.224614.01.19.570.26.png,460,460,frontgust,237,191,305,278
20110727.224614.01.19.570.27.png,460,460,frontgust,232,190,312,267
20110727.224614.01.19.570.28.png,460,460,frontgust,224,186,316,251
20110727.224614.01.19.570.29.png,460,460,frontgust,218,190,321,238
20110727.224614.01.19.570.3.png,460,460,frontgust,187,147,228,262
20110727.224614.01.19.570.30.png,460,460,frontgust,201,186,317,226
20110727.224614.01.19.570.31.png,460,460,frontgust,202,195,314,216
20110727.224614.01.19.570.4.png,460,460,frontgust,191,150,218,267
20110727.224614.01.19.570.5.png,460,460,frontgust,192,152,211,277
20110727.224614.01.19.570.6.png,460,460,frontgust,183,162,214,283
20110727.224614.01.19.570.7.png,460,460,frontgust,169,169,217,278
20110727.224614.01.19.570.8.png,460,460,frontgust,163,182,229,284
20110727.224614.01.19.570.9.png,460,460,frontgust,157,191,235,279
20110730.093119.01.19.570.10.png,460,460,frontgust,186,205,264,254
20110730.093119.01.19.570.11.png,460,460,frontgust,194,213,269,248
20110730.093119.01.19.570.12.png,460,460,frontgust,185,214,271,239
20110730.093119.01.19.570.13.png,460,460,frontgust,185,213,268,239
20110730.093119.01.19.570.14.png,460,460,frontgust,168,214,295,252
20110730.093119.01.19.570.15.png,460,460,frontgust,174,212,291,259
20110730.093119.01.19.570.16.png,460,460,frontgust,182,209,281,265
20110730.093119.01.19.570.17.png,460,460,frontgust,188,201,281,268
20110730.093119.01.19.570.18.png,460,460,frontgust,197,200,262,274
20110730.093119.01.19.570.19.png,460,460,frontgust,204,193,260,277
20110730.093119.01.19.570.20.png,460,460,frontgust,209,190,250,279
20110730.093119.01.19.570.21.png,460,460,frontgust,213,189,244,279
20110730.093119.01.19.570.22.png,460,460,frontgust,216,184,239,297
20110730.093119.01.19.570.23.png,460,460,frontgust,214,182,253,291
20110730.093119.01.19.570.33.png,460,460,frontgust,176,199,283,248
20110730.093119.01.19.570.34.png,460,460,frontgust,182,193,279,251
20110730.093119.01.19.570.35.png,460,460,frontgust,186,195,268,255
20110730.093119.01.19.570.5.png,460,460,frontgust,212,171,246,273
20110730.093119.01.19.570.6.png,460,460,frontgust,206,179,248,269
20110730.093119.01.19.570.7.png,460,460,frontgust,194,182,252,268
20110730.093119.01.19.570.8.png,460,460,frontgust,187,190,256,263
20110730.093119.01.19.570.9.png,460,460,frontgust,183,198,261,267
20110809.221801.01.19.570.0.png,460,460,frontgust,197,150,235,190
20110809.221801.01.19.570.1.png,460,460,frontgust,196,144,223,194
20110809.221801.01.19.570.10.png,460,460,frontgust,141,243,201,269
20110809.221801.01.19.570.11.png,460,460,frontgust,148,251,205,275
20110809.221801.01.19.570.12.png,460,460,frontgust,155,263,218,282
20110809.221801.01.19.570.13.png,460,460,frontgust,165,269,218,291
20110809.221801.01.19.570.14.png,460,460,frontgust,175,275,229,299
20110809.221801.01.19.570.15.png,460,460,frontgust,187,276,239,304
20110809.221801.01.19.570.16.png,460,460,frontgust,198,276,244,313
20110809.221801.01.19.570.17.png,460,460,frontgust,216,272,254,310
20110809.221801.01.19.570.18.png,460,460,frontgust,227,270,257,315
20110809.221801.01.19.570.19.png,460,460,frontgust,240,269,263,319
20110809.221801.01.19.570.2.png,460,460,frontgust,192,152,215,198
20110809.221801.01.19.570.20.png,460,460,frontgust,252,259,273,311
20110809.221801.01.19.570.21.png,460,460,frontgust,262,254,273,303
20110809.221801.01.19.570.22.png,460,460,frontgust,268,244,283,296
20110809.221801.01.19.570.23.png,460,460,frontgust,273,236,294,284
20110809.221801.01.19.570.24.png,460,460,frontgust,275,229,297,271
20110809.221801.01.19.570.25.png,460,460,frontgust,275,217,307,261
20110809.221801.01.19.570.3.png,460,460,frontgust,185,158,204,210
20110809.221801.01.19.570.4.png,460,460,frontgust,178,164,194,221
20110809.221801.01.19.570.5.png,460,460,frontgust,170,175,189,229
20110809.221801.01.19.570.6.png,460,460,frontgust,160,187,186,240
20110809.221801.01.19.570.7.png,460,460,frontgust,145,200,188,247
20110809.221801.01.19.570.8.png,460,460,frontgust,142,217,187,250
20110809.221801.01.19.570.9.png,460,460,frontgust,146,227,192,260
20110819.125706.01.19.570.10.png,460,460,frontgust,245,263,273,334
20110819.125706.01.19.570.11.png,460,460,frontgust,255,257,278,317
20110819.125706.01.19.570.12.png,460,460,frontgust,272,259,295,317
20110819.125706.01.19.570.13.png,460,460,frontgust,275,239,309,304
20110819.125706.01.19.570.14.png,460,460,frontgust,278,229,313,293
20110819.125706.01.19.570.15.png,460,460,frontgust,276,226,332,276
20110819.125706.01.19.570.24.png,460,460,frontgust,224,134,279,178
20110819.125706.01.19.570.25.png,460,460,frontgust,217,125,261,183
20110819.125706.01.19.570.26.png,460,460,frontgust,210,123,247,182
20110819.125706.01.19.570.27.png,460,460,frontgust,201,125,229,182
20110819.125706.01.19.570.28.png,460,460,frontgust,195,123,213,194
20110819.125706.01.19.570.29.png,460,460,frontgust,185,134,199,205
20110819.125706.01.19.570.30.png,460,460,frontgust,176,149,189,212
20110819.125706.01.19.570.31.png,460,460,frontgust,162,159,183,223
20110819.125706.01.19.570.32.png,460,460,frontgust,149,165,181,231
20110819.125706.01.19.570.33.png,460,460,frontgust,137,181,179,236
20110819.125706.01.19.570.34.png,460,460,frontgust,127,197,180,249
20110819.125706.01.19.570.35.png,460,460,frontgust,127,213,183,256
20110819.125706.01.19.570.4.png,460,460,frontgust,156,277,217,297
20110819.125706.01.19.570.5.png,460,460,frontgust,164,280,225,305
20110819.125706.01.19.570.6.png,460,460,frontgust,180,279,233,317
20110819.125706.01.19.570.7.png,460,460,frontgust,197,279,244,326
20110819.125706.01.19.570.8.png,460,460,frontgust,217,274,256,331
20110819.125706.01.19.570.9.png,460,460,frontgust,227,269,264,335
